page	title	file
1	Sheet 1: Subsystem 1	Exported PNG/circuit-diagram-01-sheet-1-subsystem-1.png
2	Sheet 2: Subsystem 1	Exported PNG/circuit-diagram-02-sheet-2-subsystem-1.png
3	Sheet 3: Subsystem 1	Exported PNG/circuit-diagram-03-sheet-3-subsystem-1.png
4	Sheet 4: Subsystem 1	Exported PNG/circuit-diagram-04-sheet-4-subsystem-1.png
5	Sheet 5: Subsystem 2	Exported PNG/circuit-diagram-05-sheet-5-subsystem-2.png
6	Sheet 6: Subsystem 2	Exported PNG/circuit-diagram-06-sheet-6-subsystem-2.png
7	Sheet 7: Subsystem 2	Exported PNG/circuit-diagram-07-sheet-7-subsystem-2.png
8	Sheet 8: Subsystem 3	Exported PNG/circuit-diagram-08-sheet-8-subsystem-3.png
9	Sheet 9: Subsystem 3	Exported PNG/circuit-diagram-09-sheet-9-subsystem-3.png
10	Sheet 10: Subsystem 4	Exported PNG/circuit-diagram-10-sheet-10-subsystem-4.png
11	Sheet 11: Subsystem 4	Exported PNG/circuit-diagram-11-sheet-11-subsystem-4.png
12	Sheet 12: Subsystem 4	Exported PNG/circuit-diagram-12-sheet-12-subsystem-4.png
13	Sheet 13: Subsystem 5	Exported PNG/circuit-diagram-13-sheet-13-subsystem-5.png
14	Sheet 1: Subsystem 1	Exported PNG/circuit-diagram-14-sheet-1-subsystem-1.png
15	Sheet 2: Subsystem 1	Exported PNG/circuit-diagram-15-sheet-2-subsystem-1.png
16	Sheet 3: Subsystem 1	Exported PNG/circuit-diagram-16-sheet-3-subsystem-1.png
17	Sheet 4: Subsystem 1	Exported PNG/circuit-diagram-17-sheet-4-subsystem-1.png
18	Sheet 11: Subsystem 4	Exported PNG/circuit-diagram-18-sheet-11-subsystem-4.png
19	Sheet 12: Subsystem 4	Exported PNG/circuit-diagram-19-sheet-12-subsystem-4.png
20	Sheet 10: Subsystem 4	Exported PNG/circuit-diagram-20-sheet-10-subsystem-4.png
21	Sheet 3: Subsystem 3	Exported PNG/circuit-diagram-21-sheet-3-subsystem-3.png
22	Sheet 3: Subsystem 3	Exported PNG/circuit-diagram-22-sheet-3-subsystem-3.png
23	Sheet 3: Subsystem 3	Exported PNG/circuit-diagram-23-sheet-3-subsystem-3.png
24	Sheet 3: Subsystem 3	Exported PNG/circuit-diagram-24-sheet-3-subsystem-3.png
